List of Changed Files,List of Commits
"tools/src/main/java/org/apache/pdfbox/tools/DecompressObjectstreams.java
tools/src/main/java/org/apache/pdfbox/tools/Decrypt.java
tools/src/main/java/org/apache/pdfbox/tools/Encrypt.java
tools/src/main/java/org/apache/pdfbox/tools/ExportFDF.java","1.2e32786af1b0292c0007a79d38f80bfbc4eec9ed
2.37d061dd49ee4465ecaf23b691672a7524d48c53
3.5443c8a4cf0a9d3e8df45b96671ea43f140af129
4.5546a3c7f8cd7d9995bfba7ee27a114973564042
5.88b69fa28ce23ea1f530838182255694e44ed9cb
6.b6db07d1fb19144fe49c978f884060e4f0a7dfeb
7.bc2a7032bf3a0f1d10d765392b12669ca9f3e7c4
8.ef4b8ef75811124dfc22cc8a852a613b1d5f39e8
9.f83921dd0a50642c2d9f89af1584ea170ca4e742"
"pdfbox/src/main/java/org/apache/pdfbox/pdmodel/graphics/shading/PDShadingType4.java
pdfbox/src/main/java/org/apache/pdfbox/pdmodel/graphics/shading/PDShadingType5.java
pdfbox/src/main/java/org/apache/pdfbox/pdmodel/graphics/shading/PDShadingType6.java
pdfbox/src/main/java/org/apache/pdfbox/pdmodel/graphics/shading/PDShadingType7.java","1.172ac3e26112f6ac89bea5fb2e9ab346e1bdccba
2.28dc3413c30592f0d1c3d719f7f2f5f70d026849
3.3622975d7a4b786419908e0a43095c880fba81ab
4.5e4fcd934a91f7109515f74e45b0ffeac5a5c372
5.99ec3d83b8c357a14887ca0f381c140ec87cfcb2
6.dd8d976c1099248a832eba7362a9af966c1b8fb1
7.ddd80ef9a74c458446153816909e8563eaa37545
8.e90b89f24498a065be30ea67d97b7a410ea7e804"
"fontbox/src/main/java/org/apache/fontbox/ttf/GlyphTable.java
fontbox/src/main/java/org/apache/fontbox/ttf/HeaderTable.java
fontbox/src/main/java/org/apache/fontbox/ttf/HorizontalHeaderTable.java
fontbox/src/main/java/org/apache/fontbox/ttf/HorizontalMetricsTable.java","1.0faacab9509fa0c2b407f8efb4ef018ef7bdd499
2.1525dcf9886f8964b8fbaec4a55ac8a37751d6be
3.4e2471f8de2d0c9dcb07ee5c32c1253dda7125dc
4.73d8c8543e27261c85a40a7ce4b8b94f3980e1dd
5.7a35c1a2414fd092aa627e1dc37fe01960997e02
6.84d34938609ea71c5f1cbde2ce45a03370ceaa69
7.b0e9c528bae2527684464b4985bb66a6982e0a72"
"pdfbox/src/main/java/org/apache/pdfbox/pdmodel/graphics/shading/Type1ShadingPaint.java
pdfbox/src/main/java/org/apache/pdfbox/pdmodel/graphics/shading/Type4ShadingContext.java
pdfbox/src/main/java/org/apache/pdfbox/pdmodel/graphics/shading/Type4ShadingPaint.java
pdfbox/src/main/java/org/apache/pdfbox/pdmodel/graphics/shading/Type5ShadingContext.java","1.493ca599868ef0a1b8bbe8d19d102282bef95ebf
2.5e4fcd934a91f7109515f74e45b0ffeac5a5c372
3.b242c0bde7a7544407eb9119f7465ddcf476ea1e
4.d7be592bc0022cfa6fd3ffcdd5989b78bc827cb3
5.dd8d976c1099248a832eba7362a9af966c1b8fb1
6.e90b89f24498a065be30ea67d97b7a410ea7e804
7.fc3dd3fee0d825bd9a3ef237677f17c1e44baae4"
"preflight/src/main/java/org/apache/pdfbox/preflight/font/descriptor/CIDType0DescriptorHelper.java
preflight/src/main/java/org/apache/pdfbox/preflight/font/descriptor/CIDType2DescriptorHelper.java
preflight/src/main/java/org/apache/pdfbox/preflight/font/descriptor/FontDescriptorHelper.java
preflight/src/main/java/org/apache/pdfbox/preflight/font/descriptor/TrueTypeDescriptorHelper.java","1.2fbc31fff0d88348ea604213eb43c8006f46a760
2.5436ef8c80cf8c50c00be0fb750ddb1fc0c99e5f
3.a1813d985ac93c52ee36120044bba0f3486a1318
4.d4a90eaa4f43b37f99657d08107d1c7514bd6a8e
5.e35a9312caee420e818ad06a6134664fd86faa34
6.e52d346adfa24ac83ec71d79c02d67e14434b1a4
7.ebadf384b91923b98d8fc88e5ee3c10b01b15ea8"
"pdfbox/src/main/java/org/apache/pdfbox/pdmodel/font/PDSimpleFont.java
pdfbox/src/main/java/org/apache/pdfbox/pdmodel/font/PDTrueTypeFont.java
pdfbox/src/main/java/org/apache/pdfbox/pdmodel/font/PDTrueTypeFontEmbedder.java
pdfbox/src/main/java/org/apache/pdfbox/pdmodel/font/PDType0Font.java","1.13a6761351ceac5e1408a551dfa9017680a9a457
2.2183b766646fa9936cf643e3dcdf1f57daa5cd12
3.46d4deab114d1a1d9b2302129cc30c24351b4706
4.bd46b391bd0f662b7fa2ee746efe1e340c7b6190
5.c408b2f6d6361f3c67bbb4b4456bd1702c8199d2
6.d4a90eaa4f43b37f99657d08107d1c7514bd6a8e"
"pdfbox/src/main/java/org/apache/pdfbox/pdmodel/interactive/annotation/PDAnnotationFreeText.java
pdfbox/src/main/java/org/apache/pdfbox/pdmodel/interactive/annotation/PDAnnotationHighlight.java
pdfbox/src/main/java/org/apache/pdfbox/pdmodel/interactive/annotation/PDAnnotationInk.java
pdfbox/src/main/java/org/apache/pdfbox/pdmodel/interactive/annotation/PDAnnotationLine.java","1.0be1105934a14054e9bf36c38d12f24072ca0025
2.52554d653859b3676a37075668fe3a8d713ae2bf
3.5a6e76ffa659df1d5e8020caca86228752dcfae3
4.7dde00ec2a04280b7793e2547fd43b313ba382bf
5.e23975a98935551426b8db241ea83d26a413d4ee
6.ee31669eb0a2e539ca14354a2b3789d6d1a53678"
"pdfbox/src/main/java/org/apache/pdfbox/pdmodel/interactive/form/PDListBox.java
pdfbox/src/main/java/org/apache/pdfbox/pdmodel/interactive/form/PDNonTerminalField.java
pdfbox/src/main/java/org/apache/pdfbox/pdmodel/interactive/form/PDPushButton.java
pdfbox/src/main/java/org/apache/pdfbox/pdmodel/interactive/form/PDRadioButton.java","1.000c7c7f3b260db34f92179b1ffc3442e9124fa7
2.44dfb753eeb252112ff0619355df4809718e3f39
3.564f6da02515b186c0ebbea2fef26e7c5fd28b7b
4.8134a67bd23b7f2c871a54577006c1b32583b8fa
5.8598a3053f9060b63506946dbb0052166b304546
6.b228353812aeaa4b7b150ddccc1604f76d3e3b87"
"pdfbox/src/test/java/org/apache/pdfbox/pdmodel/TestFDF.java
pdfbox/src/test/java/org/apache/pdfbox/pdmodel/TestPDDocument.java
pdfbox/src/test/java/org/apache/pdfbox/pdmodel/TestPDDocumentCatalog.java
pdfbox/src/test/java/org/apache/pdfbox/pdmodel/TestPDDocumentInformation.java","1.18ef6491e301ef19559cd4c32a511b39a3f398ee
2.5546a3c7f8cd7d9995bfba7ee27a114973564042
3.6a07dac3fb764a9f047667dc47453eced8259d1e
4.7824e890826a4623ca34c837fcdc79420f34cd38
5.d859a6e7d0485ea326133d0a78d21b47415f28e6
6.ef4b8ef75811124dfc22cc8a852a613b1d5f39e8"
"pdfbox/src/main/java/org/apache/pdfbox/pdmodel/interactive/annotation/handlers/PDHighlightAppearanceHandler.java
pdfbox/src/main/java/org/apache/pdfbox/pdmodel/interactive/annotation/handlers/PDInkAppearanceHandler.java
pdfbox/src/main/java/org/apache/pdfbox/pdmodel/interactive/annotation/handlers/PDLineAppearanceHandler.java
pdfbox/src/main/java/org/apache/pdfbox/pdmodel/interactive/annotation/handlers/PDLinkAppearanceHandler.java","1.1cf078be2456e8cba9ba36ec92976c738d3e790d
2.b5ba2d8b9b57d4627dcdd7e28318584be4c44921
3.bf1a0637a7f6539cc78b139a66ff48c77fe00c61
4.c5a904c02bdc00d64d24dfb14e8734f3d27d4466
5.d7be592bc0022cfa6fd3ffcdd5989b78bc827cb3"
"preflight/src/test/java/org/apache/pdfbox/preflight/action/pdfa1b/TestForbiddenAction.java
preflight/src/test/java/org/apache/pdfbox/preflight/action/pdfa1b/TestGotoAction.java
preflight/src/test/java/org/apache/pdfbox/preflight/action/pdfa1b/TestGotoRemoteAction.java
preflight/src/test/java/org/apache/pdfbox/preflight/action/pdfa1b/TestHideAction.java","1.5436ef8c80cf8c50c00be0fb750ddb1fc0c99e5f
2.90cd3190ea8f3c4d99636693df7e1e998bf8c1bf
3.91bb9040f078f1511e045e2ab93316a55d9e4066
4.a1813d985ac93c52ee36120044bba0f3486a1318
5.e9a7fcbc94d2327a8107d588b92a62c6d4fa9d31"
"preflight/src/test/java/org/apache/pdfbox/preflight/action/pdfa1b/TestNamedAction.java
preflight/src/test/java/org/apache/pdfbox/preflight/action/pdfa1b/TestSubmitAction.java
preflight/src/test/java/org/apache/pdfbox/preflight/action/pdfa1b/TestThreadAction.java
preflight/src/test/java/org/apache/pdfbox/preflight/action/pdfa1b/TestUriAction.java","1.5436ef8c80cf8c50c00be0fb750ddb1fc0c99e5f
2.90cd3190ea8f3c4d99636693df7e1e998bf8c1bf
3.91bb9040f078f1511e045e2ab93316a55d9e4066
4.a1813d985ac93c52ee36120044bba0f3486a1318
5.e9a7fcbc94d2327a8107d588b92a62c6d4fa9d31"
"xmpbox/src/test/java/org/apache/padaf/xmpbox/schema/XMPBasicTest.java
xmpbox/src/test/java/org/apache/padaf/xmpbox/schema/XMPMediaManagementTest.java
xmpbox/src/test/java/org/apache/padaf/xmpbox/schema/XMPSchemaTest.java
xmpbox/src/test/java/org/apache/padaf/xmpbox/schema/XmpRightsSchemaTest.java","1.2a891ae3e5027e601d6ab84376581b0f22153401
2.58a6872e296635d44b9ecddae85c50984c3a794e
3.711c4f2339022e6788a7ac86df5cd7c54d1fcdab
4.b46f2a70aa22a4001a42cd08a7a918c07d406406
5.e8421fc0e4c8bf55cab57b67b996f4ad10fa8ea5"
"pdfbox/src/main/java/org/apache/pdfbox/cos/COSArray.java
pdfbox/src/main/java/org/apache/pdfbox/cos/COSBase.java
pdfbox/src/main/java/org/apache/pdfbox/cos/COSBoolean.java
pdfbox/src/main/java/org/apache/pdfbox/cos/COSDictionary.java","1.01c6698a401ab976d37397fdf6ce5eeb90d7dd83
2.0e502474ef7c4f956e6e170296d85213eedb92fb
3.200b100383815e85366e2b06caa6ab62c2430633
4.d229cf345b3499c7818a0045b7db0aed8a01465d"
"pdfbox/src/main/java/org/apache/pdfbox/multipdf/LayerUtility.java
pdfbox/src/main/java/org/apache/pdfbox/multipdf/Overlay.java
pdfbox/src/main/java/org/apache/pdfbox/multipdf/PDFCloneUtility.java
pdfbox/src/main/java/org/apache/pdfbox/multipdf/PDFMergerUtility.java","1.245065766a683e37b48f68a979bf975cc726ce9a
2.649c34530ac7715663f79232e5ca85da12ce4013
3.9c2bebe7d0957fafbef35c400ea1711b965ee4b3
4.de1ba9422680e95b160af2789a8d70a5f3bda756"
"pdfbox/src/main/java/org/apache/pdfbox/pdmodel/graphics/shading/Type5ShadingPaint.java
pdfbox/src/main/java/org/apache/pdfbox/pdmodel/graphics/shading/Type6ShadingContext.java
pdfbox/src/main/java/org/apache/pdfbox/pdmodel/graphics/shading/Type6ShadingPaint.java
pdfbox/src/main/java/org/apache/pdfbox/pdmodel/graphics/shading/Type7ShadingContext.java","1.4c3253c8ac6d55f0834cf41be3566248e57867d4
2.5e4fcd934a91f7109515f74e45b0ffeac5a5c372
3.b242c0bde7a7544407eb9119f7465ddcf476ea1e
4.fc3dd3fee0d825bd9a3ef237677f17c1e44baae4"
"pdfbox/src/main/java/org/apache/pdfbox/util/operator/pagedrawer/CurveTo.java
pdfbox/src/main/java/org/apache/pdfbox/util/operator/pagedrawer/CurveToReplicateFinalPoint.java
pdfbox/src/main/java/org/apache/pdfbox/util/operator/pagedrawer/CurveToReplicateInitialPoint.java
pdfbox/src/main/java/org/apache/pdfbox/util/operator/pagedrawer/EndPath.java","1.200b100383815e85366e2b06caa6ab62c2430633
2.5c3f4dc4aed8317b43c618ec228cd9ae0ae79e75
3.64b348544cd4c5c215eefb58c7b5a16ada04c9a8
4.6aa72efe1c95a42207c2da2d68d895147fb4b55f"
"pdfbox/src/main/java/org/apache/pdfbox/util/operator/pagedrawer/FillEvenOddAndStrokePath.java
pdfbox/src/main/java/org/apache/pdfbox/util/operator/pagedrawer/FillEvenOddRule.java
pdfbox/src/main/java/org/apache/pdfbox/util/operator/pagedrawer/FillNonZeroAndStrokePath.java
pdfbox/src/main/java/org/apache/pdfbox/util/operator/pagedrawer/FillNonZeroRule.java","1.200b100383815e85366e2b06caa6ab62c2430633
2.5c3f4dc4aed8317b43c618ec228cd9ae0ae79e75
3.64b348544cd4c5c215eefb58c7b5a16ada04c9a8
4.6aa72efe1c95a42207c2da2d68d895147fb4b55f"
"pdfbox/src/main/java/org/apache/pdfbox/util/operator/pagedrawer/Invoke.java
pdfbox/src/main/java/org/apache/pdfbox/util/operator/pagedrawer/LineTo.java
pdfbox/src/main/java/org/apache/pdfbox/util/operator/pagedrawer/MoveTo.java
pdfbox/src/main/java/org/apache/pdfbox/util/operator/pagedrawer/SHFill.java","1.200b100383815e85366e2b06caa6ab62c2430633
2.5c3f4dc4aed8317b43c618ec228cd9ae0ae79e75
3.64b348544cd4c5c215eefb58c7b5a16ada04c9a8
4.6aa72efe1c95a42207c2da2d68d895147fb4b55f"
"preflight/src/main/java/org/apache/pdfbox/preflight/action/SubmitAction.java
preflight/src/main/java/org/apache/pdfbox/preflight/action/ThreadAction.java
preflight/src/main/java/org/apache/pdfbox/preflight/action/UndefAction.java
preflight/src/main/java/org/apache/pdfbox/preflight/action/UriAction.java","1.09ddf9ac25cf0bd7037a10f9f82abe65ff28dae1
2.5436ef8c80cf8c50c00be0fb750ddb1fc0c99e5f
3.8ef145c78640974fccbc665cd8e5225a0c9ee326
4.a1813d985ac93c52ee36120044bba0f3486a1318"
"preflight/src/main/java/org/apache/pdfbox/preflight/annotation/LinkAnnotationValidator.java
preflight/src/main/java/org/apache/pdfbox/preflight/annotation/MarkupAnnotationValidator.java
preflight/src/main/java/org/apache/pdfbox/preflight/annotation/PopupAnnotationValidator.java
preflight/src/main/java/org/apache/pdfbox/preflight/annotation/PrintMarkAnnotationValidator.java","1.5436ef8c80cf8c50c00be0fb750ddb1fc0c99e5f
2.8ef145c78640974fccbc665cd8e5225a0c9ee326
3.9727dd884ae6068195cc51cd407c3325f0b5aab9
4.a1813d985ac93c52ee36120044bba0f3486a1318"
"preflight/src/main/java/org/apache/pdfbox/preflight/font/container/TrueTypeContainer.java
preflight/src/main/java/org/apache/pdfbox/preflight/font/container/Type0Container.java
preflight/src/main/java/org/apache/pdfbox/preflight/font/container/Type1Container.java
preflight/src/main/java/org/apache/pdfbox/preflight/font/container/Type3Container.java","1.23f6715bc9563483c0c48afcacfd7ee68cfd8a5c
2.5436ef8c80cf8c50c00be0fb750ddb1fc0c99e5f
3.a1813d985ac93c52ee36120044bba0f3486a1318
4.e52d346adfa24ac83ec71d79c02d67e14434b1a4"
"src/org/pdfbox/util/operator/SetNonStrokingGrayColor.java
src/org/pdfbox/util/operator/SetNonStrokingRGBColor.java
src/org/pdfbox/util/operator/SetStrokingCMYKColor.java
src/org/pdfbox/util/operator/SetStrokingColorSpace.java","1.0043363995339865503811c70dd991b57c06b3cf
2.623a0af37723377676f57213cf74b1a909c23272
3.d18984f70b1197cbf53e2e3f6472018b26ced7b5
4.d8915013d5466c6b6a5e2584bcc64e8ce469be7d"
"src/org/pdfbox/util/operator/pagedrawer/FillNonZeroRule.java
src/org/pdfbox/util/operator/pagedrawer/Invoke.java
src/org/pdfbox/util/operator/pagedrawer/LineTo.java
src/org/pdfbox/util/operator/pagedrawer/MoveTo.java","1.0043363995339865503811c70dd991b57c06b3cf
2.623a0af37723377676f57213cf74b1a909c23272
3.d18984f70b1197cbf53e2e3f6472018b26ced7b5
4.d8915013d5466c6b6a5e2584bcc64e8ce469be7d"
"website/src/documentation/translations/languages_en.xml
website/src/documentation/translations/languages_es.xml
website/src/documentation/translations/menu.xml
website/src/documentation/translations/menu_af.xml","1.0043363995339865503811c70dd991b57c06b3cf
2.5392a1d4ea19beb4aecd0d8d385102d1b408cd44
3.d18984f70b1197cbf53e2e3f6472018b26ced7b5
4.e908d61adf700d1208fb021995babcfee10adcd4"
"website/src/documentation/translations/menu_de.xml
website/src/documentation/translations/menu_es.xml
website/src/documentation/translations/menu_it.xml
website/src/documentation/translations/menu_no.xml","1.0043363995339865503811c70dd991b57c06b3cf
2.5392a1d4ea19beb4aecd0d8d385102d1b408cd44
3.d18984f70b1197cbf53e2e3f6472018b26ced7b5
4.e908d61adf700d1208fb021995babcfee10adcd4"
"website/src/documentation/translations/menu_ru.xml
website/src/documentation/translations/menu_sk.xml
website/src/documentation/translations/tabs.xml
website/src/documentation/translations/tabs_es.xml","1.0043363995339865503811c70dd991b57c06b3cf
2.5392a1d4ea19beb4aecd0d8d385102d1b408cd44
3.d18984f70b1197cbf53e2e3f6472018b26ced7b5
4.e908d61adf700d1208fb021995babcfee10adcd4"
"fontbox/src/org/fontbox/afm/AFMParser.java
fontbox/src/org/fontbox/afm/CharMetric.java
fontbox/src/org/fontbox/afm/Composite.java
fontbox/src/org/fontbox/afm/CompositePart.java","1.5a8f776feba3be7cf07ee0b369121403f3bbb348
2.7388792d8bf135b9533fd98c91fe7877c1220b3d
3.c5a3ce4e77947ca0977497474d49dc7fc465ad67"
"fontbox/src/org/fontbox/afm/FontMetric.java
fontbox/src/org/fontbox/afm/KernPair.java
fontbox/src/org/fontbox/afm/Ligature.java
fontbox/src/org/fontbox/afm/TrackKern.java","1.5a8f776feba3be7cf07ee0b369121403f3bbb348
2.7388792d8bf135b9533fd98c91fe7877c1220b3d
3.c5a3ce4e77947ca0977497474d49dc7fc465ad67"
"fontbox/src/org/fontbox/ttf/DigitalSignatureTable.java
fontbox/src/org/fontbox/ttf/GlyphData.java
fontbox/src/org/fontbox/ttf/GlyphTable.java
fontbox/src/org/fontbox/ttf/HeaderTable.java","1.5a8f776feba3be7cf07ee0b369121403f3bbb348
2.7388792d8bf135b9533fd98c91fe7877c1220b3d
3.c5a3ce4e77947ca0977497474d49dc7fc465ad67"
"fontbox/src/org/fontbox/ttf/HorizontalHeaderTable.java
fontbox/src/org/fontbox/ttf/HorizontalMetricsTable.java
fontbox/src/org/fontbox/ttf/IndexToLocationTable.java
fontbox/src/org/fontbox/ttf/MaximumProfileTable.java","1.5a8f776feba3be7cf07ee0b369121403f3bbb348
2.7388792d8bf135b9533fd98c91fe7877c1220b3d
3.c5a3ce4e77947ca0977497474d49dc7fc465ad67"
"fontbox/src/org/fontbox/ttf/MemoryTTFDataStream.java
fontbox/src/org/fontbox/ttf/NameRecord.java
fontbox/src/org/fontbox/ttf/NamingTable.java
fontbox/src/org/fontbox/ttf/OS2WindowsMetricsTable.java","1.5a8f776feba3be7cf07ee0b369121403f3bbb348
2.7388792d8bf135b9533fd98c91fe7877c1220b3d
3.c5a3ce4e77947ca0977497474d49dc7fc465ad67"
"fontbox/src/org/fontbox/ttf/PostScriptTable.java
fontbox/src/org/fontbox/ttf/RAFDataStream.java
fontbox/src/org/fontbox/ttf/TTFDataStream.java
fontbox/src/org/fontbox/ttf/TTFParser.java","1.5a8f776feba3be7cf07ee0b369121403f3bbb348
2.7388792d8bf135b9533fd98c91fe7877c1220b3d
3.c5a3ce4e77947ca0977497474d49dc7fc465ad67"
"fontbox/src/test/java/org/apache/fontbox/afm/CompositePartTest.java
fontbox/src/test/java/org/apache/fontbox/afm/CompositeTest.java
fontbox/src/test/java/org/apache/fontbox/afm/FontMetricsTest.java
fontbox/src/test/java/org/apache/fontbox/afm/KernPairTest.java","1.1c97814ebf6ad81c7b1fccd77ddcc1857d384e22
2.23d21a8ba7b05e0fd7fe34eb06fadf24d975fa82
3.f7dcf22002f35ebfcdc54e032fa8a1aaccdbda72"
"fontbox/website/src/documentation/content/xdocs/tabs.xml
fontbox/website/src/documentation/sitemap.xmap
fontbox/website/src/documentation/skinconf.xml
fontbox/website/src/documentation/translations/langcode.xml","1.5a8f776feba3be7cf07ee0b369121403f3bbb348
2.7388792d8bf135b9533fd98c91fe7877c1220b3d
3.c5a3ce4e77947ca0977497474d49dc7fc465ad67"
"fontbox/website/src/documentation/translations/languages_en.xml
fontbox/website/src/documentation/translations/languages_es.xml
fontbox/website/src/documentation/translations/menu.xml
fontbox/website/src/documentation/translations/menu_af.xml","1.5a8f776feba3be7cf07ee0b369121403f3bbb348
2.7388792d8bf135b9533fd98c91fe7877c1220b3d
3.c5a3ce4e77947ca0977497474d49dc7fc465ad67"
"fontbox/website/src/documentation/translations/menu_de.xml
fontbox/website/src/documentation/translations/menu_es.xml
fontbox/website/src/documentation/translations/menu_it.xml
fontbox/website/src/documentation/translations/menu_no.xml","1.5a8f776feba3be7cf07ee0b369121403f3bbb348
2.7388792d8bf135b9533fd98c91fe7877c1220b3d
3.c5a3ce4e77947ca0977497474d49dc7fc465ad67"
"fontbox/website/src/documentation/translations/menu_ru.xml
fontbox/website/src/documentation/translations/menu_sk.xml
fontbox/website/src/documentation/translations/tabs.xml
fontbox/website/src/documentation/translations/tabs_es.xml","1.5a8f776feba3be7cf07ee0b369121403f3bbb348
2.7388792d8bf135b9533fd98c91fe7877c1220b3d
3.c5a3ce4e77947ca0977497474d49dc7fc465ad67"
"jempbox/src/org/jempbox/xmp/Thumbnail.java
jempbox/src/org/jempbox/xmp/XMPMetadata.java
jempbox/src/org/jempbox/xmp/XMPSchema.java
jempbox/src/org/jempbox/xmp/XMPSchemaBasic.java","1.7f243f87cb4f470b9f4773321c52f2eb70bcdd0b
2.c5a3ce4e77947ca0977497474d49dc7fc465ad67
3.d72d3e0c95738dd5327b28286c165bb6cf7e2207"
"jempbox/src/org/jempbox/xmp/XMPSchemaBasicJobTicket.java
jempbox/src/org/jempbox/xmp/XMPSchemaDublinCore.java
jempbox/src/org/jempbox/xmp/XMPSchemaDynamicMedia.java
jempbox/src/org/jempbox/xmp/XMPSchemaIptc4xmpCore.java","1.7f243f87cb4f470b9f4773321c52f2eb70bcdd0b
2.c5a3ce4e77947ca0977497474d49dc7fc465ad67
3.d72d3e0c95738dd5327b28286c165bb6cf7e2207"
"jempbox/src/org/jempbox/xmp/XMPSchemaMediaManagement.java
jempbox/src/org/jempbox/xmp/XMPSchemaPDF.java
jempbox/src/org/jempbox/xmp/XMPSchemaPagedText.java
jempbox/src/org/jempbox/xmp/XMPSchemaPhotoshop.java","1.7f243f87cb4f470b9f4773321c52f2eb70bcdd0b
2.c5a3ce4e77947ca0977497474d49dc7fc465ad67
3.d72d3e0c95738dd5327b28286c165bb6cf7e2207"
"jempbox/src/org/jempbox/xmp/pdfa/XMPSchemaPDFAId.java
jempbox/src/org/jempbox/xmp/pdfa/XMPSchemaPDFAProperty.java
jempbox/src/org/jempbox/xmp/pdfa/XMPSchemaPDFASchema.java
jempbox/src/org/jempbox/xmp/pdfa/XMPSchemaPDFAType.java","1.7f243f87cb4f470b9f4773321c52f2eb70bcdd0b
2.c5a3ce4e77947ca0977497474d49dc7fc465ad67
3.d72d3e0c95738dd5327b28286c165bb6cf7e2207"
"jempbox/website/src/documentation/content/xdocs/tabs.xml
jempbox/website/src/documentation/content/xdocs/userguide/index.xml
jempbox/website/src/documentation/resources/schema/catalog.xcat
jempbox/website/src/documentation/resources/schema/hello-v10.dtd","1.7f243f87cb4f470b9f4773321c52f2eb70bcdd0b
2.c5a3ce4e77947ca0977497474d49dc7fc465ad67
3.d72d3e0c95738dd5327b28286c165bb6cf7e2207"
"jempbox/website/src/documentation/resources/schema/symbols-project-v10.ent
jempbox/website/src/documentation/resources/stylesheets/hello2document.xsl
jempbox/website/src/documentation/sitemap.xmap
jempbox/website/src/documentation/skinconf.xml","1.7f243f87cb4f470b9f4773321c52f2eb70bcdd0b
2.c5a3ce4e77947ca0977497474d49dc7fc465ad67
3.d72d3e0c95738dd5327b28286c165bb6cf7e2207"
"jempbox/website/src/documentation/translations/langcode.xml
jempbox/website/src/documentation/translations/languages_en.xml
jempbox/website/src/documentation/translations/languages_es.xml
jempbox/website/src/documentation/translations/menu.xml","1.7f243f87cb4f470b9f4773321c52f2eb70bcdd0b
2.c5a3ce4e77947ca0977497474d49dc7fc465ad67
3.d72d3e0c95738dd5327b28286c165bb6cf7e2207"
"jempbox/website/src/documentation/translations/menu_af.xml
jempbox/website/src/documentation/translations/menu_de.xml
jempbox/website/src/documentation/translations/menu_es.xml
jempbox/website/src/documentation/translations/menu_it.xml","1.7f243f87cb4f470b9f4773321c52f2eb70bcdd0b
2.c5a3ce4e77947ca0977497474d49dc7fc465ad67
3.d72d3e0c95738dd5327b28286c165bb6cf7e2207"
"jempbox/website/src/documentation/translations/menu_no.xml
jempbox/website/src/documentation/translations/menu_ru.xml
jempbox/website/src/documentation/translations/menu_sk.xml
jempbox/website/src/documentation/translations/tabs.xml","1.7f243f87cb4f470b9f4773321c52f2eb70bcdd0b
2.c5a3ce4e77947ca0977497474d49dc7fc465ad67
3.d72d3e0c95738dd5327b28286c165bb6cf7e2207"
"pdfbox/src/main/java/org/apache/pdfbox/contentstream/operator/color/SetNonStrokingDeviceCMYKColor.java
pdfbox/src/main/java/org/apache/pdfbox/contentstream/operator/color/SetNonStrokingDeviceGrayColor.java
pdfbox/src/main/java/org/apache/pdfbox/contentstream/operator/color/SetNonStrokingDeviceRGBColor.java
pdfbox/src/main/java/org/apache/pdfbox/contentstream/operator/color/SetStrokingColor.java","1.a8cbfd833f52da467b561b068cfca9f09751e48f
2.b9273c34bf11968c3bf25122efd79197f04c8964
3.fe69622beeb63f85388fe11074ce93c6765f544c"
"pdfbox/src/main/java/org/apache/pdfbox/contentstream/operator/color/SetStrokingColorN.java
pdfbox/src/main/java/org/apache/pdfbox/contentstream/operator/color/SetStrokingColorSpace.java
pdfbox/src/main/java/org/apache/pdfbox/contentstream/operator/color/SetStrokingDeviceCMYKColor.java
pdfbox/src/main/java/org/apache/pdfbox/contentstream/operator/color/SetStrokingDeviceGrayColor.java","1.a8cbfd833f52da467b561b068cfca9f09751e48f
2.b9273c34bf11968c3bf25122efd79197f04c8964
3.fe69622beeb63f85388fe11074ce93c6765f544c"
"pdfbox/src/main/java/org/apache/pdfbox/contentstream/operator/color/SetStrokingDeviceRGBColor.java
pdfbox/src/main/java/org/apache/pdfbox/contentstream/operator/graphics/AppendRectangleToPath.java
pdfbox/src/main/java/org/apache/pdfbox/contentstream/operator/graphics/BeginInlineImage.java
pdfbox/src/main/java/org/apache/pdfbox/contentstream/operator/graphics/ClipEvenOddRule.java","1.a8cbfd833f52da467b561b068cfca9f09751e48f
2.b9273c34bf11968c3bf25122efd79197f04c8964
3.fe69622beeb63f85388fe11074ce93c6765f544c"
"pdfbox/src/main/java/org/apache/pdfbox/contentstream/operator/graphics/ClipNonZeroRule.java
pdfbox/src/main/java/org/apache/pdfbox/contentstream/operator/graphics/CloseAndStrokePath.java
pdfbox/src/main/java/org/apache/pdfbox/contentstream/operator/graphics/CloseFillEvenOddAndStrokePath.java
pdfbox/src/main/java/org/apache/pdfbox/contentstream/operator/graphics/CloseFillNonZeroAndStrokePath.java","1.a8cbfd833f52da467b561b068cfca9f09751e48f
2.b9273c34bf11968c3bf25122efd79197f04c8964
3.fe69622beeb63f85388fe11074ce93c6765f544c"
"pdfbox/src/main/java/org/apache/pdfbox/contentstream/operator/graphics/ClosePath.java
pdfbox/src/main/java/org/apache/pdfbox/contentstream/operator/graphics/CurveTo.java
pdfbox/src/main/java/org/apache/pdfbox/contentstream/operator/graphics/CurveToReplicateFinalPoint.java
pdfbox/src/main/java/org/apache/pdfbox/contentstream/operator/graphics/CurveToReplicateInitialPoint.java","1.a8cbfd833f52da467b561b068cfca9f09751e48f
2.b9273c34bf11968c3bf25122efd79197f04c8964
3.fe69622beeb63f85388fe11074ce93c6765f544c"
"pdfbox/src/main/java/org/apache/pdfbox/contentstream/operator/graphics/DrawObject.java
pdfbox/src/main/java/org/apache/pdfbox/contentstream/operator/graphics/EndPath.java
pdfbox/src/main/java/org/apache/pdfbox/contentstream/operator/graphics/FillEvenOddAndStrokePath.java
pdfbox/src/main/java/org/apache/pdfbox/contentstream/operator/graphics/FillEvenOddRule.java","1.a8cbfd833f52da467b561b068cfca9f09751e48f
2.b9273c34bf11968c3bf25122efd79197f04c8964
3.fe69622beeb63f85388fe11074ce93c6765f544c"
"pdfbox/src/main/java/org/apache/pdfbox/contentstream/operator/graphics/LineTo.java
pdfbox/src/main/java/org/apache/pdfbox/contentstream/operator/graphics/MoveTo.java
pdfbox/src/main/java/org/apache/pdfbox/contentstream/operator/graphics/ShadingFill.java
pdfbox/src/main/java/org/apache/pdfbox/contentstream/operator/graphics/StrokePath.java","1.a8cbfd833f52da467b561b068cfca9f09751e48f
2.b9273c34bf11968c3bf25122efd79197f04c8964
3.fe69622beeb63f85388fe11074ce93c6765f544c"
"pdfbox/src/main/java/org/apache/pdfbox/contentstream/operator/state/Restore.java
pdfbox/src/main/java/org/apache/pdfbox/contentstream/operator/state/Save.java
pdfbox/src/main/java/org/apache/pdfbox/contentstream/operator/state/SetFlatness.java
pdfbox/src/main/java/org/apache/pdfbox/contentstream/operator/state/SetGraphicsStateParameters.java","1.a8cbfd833f52da467b561b068cfca9f09751e48f
2.b9273c34bf11968c3bf25122efd79197f04c8964
3.fe69622beeb63f85388fe11074ce93c6765f544c"
"pdfbox/src/main/java/org/apache/pdfbox/contentstream/operator/state/SetLineCapStyle.java
pdfbox/src/main/java/org/apache/pdfbox/contentstream/operator/state/SetLineDashPattern.java
pdfbox/src/main/java/org/apache/pdfbox/contentstream/operator/state/SetLineJoinStyle.java
pdfbox/src/main/java/org/apache/pdfbox/contentstream/operator/state/SetLineMiterLimit.java","1.a8cbfd833f52da467b561b068cfca9f09751e48f
2.b9273c34bf11968c3bf25122efd79197f04c8964
3.fe69622beeb63f85388fe11074ce93c6765f544c"
"pdfbox/src/main/java/org/apache/pdfbox/contentstream/operator/state/SetLineWidth.java
pdfbox/src/main/java/org/apache/pdfbox/contentstream/operator/state/SetMatrix.java
pdfbox/src/main/java/org/apache/pdfbox/contentstream/operator/state/SetRenderingIntent.java
pdfbox/src/main/java/org/apache/pdfbox/contentstream/operator/text/BeginText.java","1.a8cbfd833f52da467b561b068cfca9f09751e48f
2.b9273c34bf11968c3bf25122efd79197f04c8964
3.fe69622beeb63f85388fe11074ce93c6765f544c"
"pdfbox/src/main/java/org/apache/pdfbox/contentstream/operator/text/EndText.java
pdfbox/src/main/java/org/apache/pdfbox/contentstream/operator/text/MoveText.java
pdfbox/src/main/java/org/apache/pdfbox/contentstream/operator/text/MoveTextSetLeading.java
pdfbox/src/main/java/org/apache/pdfbox/contentstream/operator/text/NextLine.java","1.a8cbfd833f52da467b561b068cfca9f09751e48f
2.b9273c34bf11968c3bf25122efd79197f04c8964
3.fe69622beeb63f85388fe11074ce93c6765f544c"
"pdfbox/src/main/java/org/apache/pdfbox/contentstream/operator/text/SetCharSpacing.java
pdfbox/src/main/java/org/apache/pdfbox/contentstream/operator/text/SetFontAndSize.java
pdfbox/src/main/java/org/apache/pdfbox/contentstream/operator/text/SetTextHorizontalScaling.java
pdfbox/src/main/java/org/apache/pdfbox/contentstream/operator/text/SetTextLeading.java","1.a8cbfd833f52da467b561b068cfca9f09751e48f
2.b9273c34bf11968c3bf25122efd79197f04c8964
3.fe69622beeb63f85388fe11074ce93c6765f544c"
"pdfbox/src/main/java/org/apache/pdfbox/contentstream/operator/text/SetTextRenderingMode.java
pdfbox/src/main/java/org/apache/pdfbox/contentstream/operator/text/SetTextRise.java
pdfbox/src/main/java/org/apache/pdfbox/contentstream/operator/text/SetWordSpacing.java
pdfbox/src/main/java/org/apache/pdfbox/contentstream/operator/text/ShowText.java","1.a8cbfd833f52da467b561b068cfca9f09751e48f
2.b9273c34bf11968c3bf25122efd79197f04c8964
3.fe69622beeb63f85388fe11074ce93c6765f544c"
"pdfbox/src/main/java/org/apache/pdfbox/examples/fdf/SetField.java
pdfbox/src/main/java/org/apache/pdfbox/examples/fdf/package.html
pdfbox/src/main/java/org/apache/pdfbox/examples/package.html
pdfbox/src/main/java/org/apache/pdfbox/examples/pdmodel/AddImageToPDF.java","1.200b100383815e85366e2b06caa6ab62c2430633
2.836cf16d600a985eecf1d190894f41d7034de8a9
3.b688014755d2f8d866486d022a3779c2e7b637f7"
"pdfbox/src/main/java/org/apache/pdfbox/examples/pdmodel/AddJavascript.java
pdfbox/src/main/java/org/apache/pdfbox/examples/pdmodel/AddMessageToEachPage.java
pdfbox/src/main/java/org/apache/pdfbox/examples/pdmodel/AddMetadataFromDocInfo.java
pdfbox/src/main/java/org/apache/pdfbox/examples/pdmodel/Annotation.java","1.200b100383815e85366e2b06caa6ab62c2430633
2.836cf16d600a985eecf1d190894f41d7034de8a9
3.b688014755d2f8d866486d022a3779c2e7b637f7"
"pdfbox/src/main/java/org/apache/pdfbox/examples/pdmodel/ExtractMetadata.java
pdfbox/src/main/java/org/apache/pdfbox/examples/pdmodel/GoToSecondBookmarkOnOpen.java
pdfbox/src/main/java/org/apache/pdfbox/examples/pdmodel/HelloWorld.java
pdfbox/src/main/java/org/apache/pdfbox/examples/pdmodel/HelloWorldTTF.java","1.200b100383815e85366e2b06caa6ab62c2430633
2.836cf16d600a985eecf1d190894f41d7034de8a9
3.b688014755d2f8d866486d022a3779c2e7b637f7"
"pdfbox/src/main/java/org/apache/pdfbox/examples/pdmodel/HelloWorldType1AfmPfb.java
pdfbox/src/main/java/org/apache/pdfbox/examples/pdmodel/ImageToPDF.java
pdfbox/src/main/java/org/apache/pdfbox/examples/pdmodel/PrintBookmarks.java
pdfbox/src/main/java/org/apache/pdfbox/examples/pdmodel/PrintDocumentMetaData.java","1.200b100383815e85366e2b06caa6ab62c2430633
2.836cf16d600a985eecf1d190894f41d7034de8a9
3.b688014755d2f8d866486d022a3779c2e7b637f7"
"pdfbox/src/main/java/org/apache/pdfbox/examples/pdmodel/PrintURLs.java
pdfbox/src/main/java/org/apache/pdfbox/examples/pdmodel/RemoveFirstPage.java
pdfbox/src/main/java/org/apache/pdfbox/examples/pdmodel/ReplaceString.java
pdfbox/src/main/java/org/apache/pdfbox/examples/pdmodel/ReplaceURLs.java","1.200b100383815e85366e2b06caa6ab62c2430633
2.836cf16d600a985eecf1d190894f41d7034de8a9
3.b688014755d2f8d866486d022a3779c2e7b637f7"
"pdfbox/src/main/java/org/apache/pdfbox/examples/pdmodel/RubberStamp.java
pdfbox/src/main/java/org/apache/pdfbox/examples/pdmodel/RubberStampWithImage.java
pdfbox/src/main/java/org/apache/pdfbox/examples/pdmodel/ShowColorBoxes.java
pdfbox/src/main/java/org/apache/pdfbox/examples/pdmodel/UsingTextMatrix.java","1.200b100383815e85366e2b06caa6ab62c2430633
2.836cf16d600a985eecf1d190894f41d7034de8a9
3.b688014755d2f8d866486d022a3779c2e7b637f7"
"pdfbox/src/main/java/org/apache/pdfbox/examples/signature/ShowSignature.java
pdfbox/src/main/java/org/apache/pdfbox/examples/signature/package.html
pdfbox/src/main/java/org/apache/pdfbox/examples/util/ExtractTextByArea.java
pdfbox/src/main/java/org/apache/pdfbox/examples/util/PrintImageLocations.java","1.200b100383815e85366e2b06caa6ab62c2430633
2.836cf16d600a985eecf1d190894f41d7034de8a9
3.b688014755d2f8d866486d022a3779c2e7b637f7"
"pdfbox/src/main/java/org/apache/pdfbox/pdmodel/common/function/PDFunctionType0.java
pdfbox/src/main/java/org/apache/pdfbox/pdmodel/common/function/PDFunctionType2.java
pdfbox/src/main/java/org/apache/pdfbox/pdmodel/common/function/PDFunctionType3.java
pdfbox/src/main/java/org/apache/pdfbox/pdmodel/common/function/PDFunctionType4.java","1.200b100383815e85366e2b06caa6ab62c2430633
2.661bf5b2a3b96538ef19631284ecaccca8f22676
3.672efb927b11201a8ed465fa4959588d1b6c3072"
"pdfbox/src/main/java/org/apache/pdfbox/pdmodel/documentinterchange/taggedpdf/PDFourColours.java
pdfbox/src/main/java/org/apache/pdfbox/pdmodel/documentinterchange/taggedpdf/PDLayoutAttributeObject.java
pdfbox/src/main/java/org/apache/pdfbox/pdmodel/documentinterchange/taggedpdf/PDListAttributeObject.java
pdfbox/src/main/java/org/apache/pdfbox/pdmodel/documentinterchange/taggedpdf/PDPrintFieldAttributeObject.java","1.2b9856e13a33f63be2e5e8a097aad35ed430be4d
2.38f570d709a262e6c1640e781d815300633ecea9
3.5aa2a90f3d60560c4992c60b6bbe800cb52c0280"
"pdfbox/src/main/java/org/apache/pdfbox/pdmodel/fdf/FDFAnnotationCaret.java
pdfbox/src/main/java/org/apache/pdfbox/pdmodel/fdf/FDFAnnotationCircle.java
pdfbox/src/main/java/org/apache/pdfbox/pdmodel/fdf/FDFAnnotationFileAttachment.java
pdfbox/src/main/java/org/apache/pdfbox/pdmodel/fdf/FDFAnnotationFreeText.java","1.200b100383815e85366e2b06caa6ab62c2430633
2.c3d76567b89d9e6536c9e928d53900fb83db7db6
3.e11f17433be08e5589d75489670443daaff061c3"
"pdfbox/src/main/java/org/apache/pdfbox/pdmodel/fdf/FDFAnnotationPolygon.java
pdfbox/src/main/java/org/apache/pdfbox/pdmodel/fdf/FDFAnnotationPolyline.java
pdfbox/src/main/java/org/apache/pdfbox/pdmodel/fdf/FDFAnnotationSound.java
pdfbox/src/main/java/org/apache/pdfbox/pdmodel/fdf/FDFAnnotationSquare.java","1.200b100383815e85366e2b06caa6ab62c2430633
2.c3d76567b89d9e6536c9e928d53900fb83db7db6
3.e11f17433be08e5589d75489670443daaff061c3"
"pdfbox/src/main/java/org/apache/pdfbox/pdmodel/fdf/FDFAnnotationSquiggly.java
pdfbox/src/main/java/org/apache/pdfbox/pdmodel/fdf/FDFAnnotationStamp.java
pdfbox/src/main/java/org/apache/pdfbox/pdmodel/fdf/FDFAnnotationStrikeOut.java
pdfbox/src/main/java/org/apache/pdfbox/pdmodel/fdf/FDFAnnotationText.java","1.200b100383815e85366e2b06caa6ab62c2430633
2.c3d76567b89d9e6536c9e928d53900fb83db7db6
3.e11f17433be08e5589d75489670443daaff061c3"
"pdfbox/src/main/java/org/apache/pdfbox/pdmodel/fdf/FDFNamedPageReference.java
pdfbox/src/main/java/org/apache/pdfbox/pdmodel/fdf/FDFOptionElement.java
pdfbox/src/main/java/org/apache/pdfbox/pdmodel/fdf/FDFPage.java
pdfbox/src/main/java/org/apache/pdfbox/pdmodel/fdf/FDFPageInfo.java","1.200b100383815e85366e2b06caa6ab62c2430633
2.c3d76567b89d9e6536c9e928d53900fb83db7db6
3.e11f17433be08e5589d75489670443daaff061c3"
"pdfbox/src/main/java/org/apache/pdfbox/pdmodel/interactive/annotation/handlers/PDSquigglyAppearanceHandler.java
pdfbox/src/main/java/org/apache/pdfbox/pdmodel/interactive/annotation/handlers/PDStrikeoutAppearanceHandler.java
pdfbox/src/main/java/org/apache/pdfbox/pdmodel/interactive/annotation/handlers/PDTextAppearanceHandler.java
pdfbox/src/main/java/org/apache/pdfbox/pdmodel/interactive/annotation/handlers/PDUnderlineAppearanceHandler.java","1.1cf078be2456e8cba9ba36ec92976c738d3e790d
2.c5a904c02bdc00d64d24dfb14e8734f3d27d4466
3.d7be592bc0022cfa6fd3ffcdd5989b78bc827cb3"
"pdfbox/src/main/java/org/apache/pdfbox/pdmodel/interactive/documentnavigation/destination/PDPageFitHeightDestination.java
pdfbox/src/main/java/org/apache/pdfbox/pdmodel/interactive/documentnavigation/destination/PDPageFitRectangleDestination.java
pdfbox/src/main/java/org/apache/pdfbox/pdmodel/interactive/documentnavigation/destination/PDPageFitWidthDestination.java
pdfbox/src/main/java/org/apache/pdfbox/pdmodel/interactive/documentnavigation/destination/PDPageXYZDestination.java","1.200b100383815e85366e2b06caa6ab62c2430633
2.6161dd016383046943e863227233c2fad5921216
3.98fc9e6c1c0e34a36d5d51f83f63b54075230f60"
"pdfbox/src/main/java/org/apache/pdfbox/util/operator/graphics/ClipNonZeroRule.java
pdfbox/src/main/java/org/apache/pdfbox/util/operator/graphics/CloseAndStrokePath.java
pdfbox/src/main/java/org/apache/pdfbox/util/operator/graphics/CloseFillEvenOddAndStrokePath.java
pdfbox/src/main/java/org/apache/pdfbox/util/operator/graphics/CloseFillNonZeroAndStrokePath.java","1.1b9bd10b78c04a600f5ce31755eca22cd3accbdd
2.6d97a8d0b61e4bec5c31b32a8da7c41f59cc720e
3.70c318d97d3f2521e394a941749d1e0587b009c9"
"pdfbox/src/main/java/org/apache/pdfbox/util/operator/graphics/ClosePath.java
pdfbox/src/main/java/org/apache/pdfbox/util/operator/graphics/CurveTo.java
pdfbox/src/main/java/org/apache/pdfbox/util/operator/graphics/CurveToReplicateFinalPoint.java
pdfbox/src/main/java/org/apache/pdfbox/util/operator/graphics/CurveToReplicateInitialPoint.java","1.1b9bd10b78c04a600f5ce31755eca22cd3accbdd
2.6d97a8d0b61e4bec5c31b32a8da7c41f59cc720e
3.70c318d97d3f2521e394a941749d1e0587b009c9"
"pdfbox/src/main/java/org/apache/pdfbox/util/operator/graphics/LineTo.java
pdfbox/src/main/java/org/apache/pdfbox/util/operator/graphics/MoveTo.java
pdfbox/src/main/java/org/apache/pdfbox/util/operator/graphics/ShadingFill.java
pdfbox/src/main/java/org/apache/pdfbox/util/operator/graphics/StrokePath.java","1.1b9bd10b78c04a600f5ce31755eca22cd3accbdd
2.6d97a8d0b61e4bec5c31b32a8da7c41f59cc720e
3.70c318d97d3f2521e394a941749d1e0587b009c9"
"pdfbox/src/main/java/org/apache/pdfbox/util/operator/pagedrawer/ClipNonZeroRule.java
pdfbox/src/main/java/org/apache/pdfbox/util/operator/pagedrawer/CloseFillEvenOddAndStrokePath.java
pdfbox/src/main/java/org/apache/pdfbox/util/operator/pagedrawer/CloseFillNonZeroAndStrokePath.java
pdfbox/src/main/java/org/apache/pdfbox/util/operator/pagedrawer/ClosePath.java","1.200b100383815e85366e2b06caa6ab62c2430633
2.5c3f4dc4aed8317b43c618ec228cd9ae0ae79e75
3.64b348544cd4c5c215eefb58c7b5a16ada04c9a8"
"pdfbox/src/main/java/org/apache/pdfbox/util/operator/pagedrawer/SetLineCapStyle.java
pdfbox/src/main/java/org/apache/pdfbox/util/operator/pagedrawer/SetLineDashPattern.java
pdfbox/src/main/java/org/apache/pdfbox/util/operator/pagedrawer/SetLineJoinStyle.java
pdfbox/src/main/java/org/apache/pdfbox/util/operator/pagedrawer/SetLineMiterLimit.java","1.200b100383815e85366e2b06caa6ab62c2430633
2.78144c2c0e854ad7d9f5787c25d454fb41150a1b
3.7964803a3dda19a11179742c03a4fbd28e1d3d61"
"pdfbox/src/test/java/org/apache/pdfbox/pdmodel/interactive/form/TestCheckBox.java
pdfbox/src/test/java/org/apache/pdfbox/pdmodel/interactive/form/TestFields.java
pdfbox/src/test/java/org/apache/pdfbox/pdmodel/interactive/form/TestListBox.java
pdfbox/src/test/java/org/apache/pdfbox/pdmodel/interactive/form/TestRadioButtons.java","1.09c6eae3b8f656a0bd02c959256d47282d78ca8d
2.aba8cc3ef18a9db0e25180e72ba78fcfa215c29d
3.ad46ad11bfe70885e1bbb41eb8f7c26418096c88"
"preflight/src/main/java/org/apache/pdfbox/preflight/PreflightContext.java
preflight/src/main/java/org/apache/pdfbox/preflight/PreflightDocument.java
preflight/src/main/java/org/apache/pdfbox/preflight/PreflightPath.java
preflight/src/main/java/org/apache/pdfbox/preflight/ValidationResult.java","1.5436ef8c80cf8c50c00be0fb750ddb1fc0c99e5f
2.8ef145c78640974fccbc665cd8e5225a0c9ee326
3.a1813d985ac93c52ee36120044bba0f3486a1318"
"preflight/src/main/java/org/apache/pdfbox/preflight/Validator_A1b.java
preflight/src/main/java/org/apache/pdfbox/preflight/action/AbstractActionManager.java
preflight/src/main/java/org/apache/pdfbox/preflight/action/ActionManagerFactory.java
preflight/src/main/java/org/apache/pdfbox/preflight/action/GoToAction.java","1.5436ef8c80cf8c50c00be0fb750ddb1fc0c99e5f
2.8ef145c78640974fccbc665cd8e5225a0c9ee326
3.a1813d985ac93c52ee36120044bba0f3486a1318"
"preflight/src/main/java/org/apache/pdfbox/preflight/action/GoToRemoteAction.java
preflight/src/main/java/org/apache/pdfbox/preflight/action/HideAction.java
preflight/src/main/java/org/apache/pdfbox/preflight/action/InvalidAction.java
preflight/src/main/java/org/apache/pdfbox/preflight/action/NamedAction.java","1.5436ef8c80cf8c50c00be0fb750ddb1fc0c99e5f
2.8ef145c78640974fccbc665cd8e5225a0c9ee326
3.a1813d985ac93c52ee36120044bba0f3486a1318"
"preflight/src/main/java/org/apache/pdfbox/preflight/graphic/ColorSpaceHelper.java
preflight/src/main/java/org/apache/pdfbox/preflight/graphic/ColorSpaceHelperFactory.java
preflight/src/main/java/org/apache/pdfbox/preflight/graphic/ColorSpaces.java
preflight/src/main/java/org/apache/pdfbox/preflight/graphic/DeviceColorSpaceHelper.java","1.5436ef8c80cf8c50c00be0fb750ddb1fc0c99e5f
2.8ef145c78640974fccbc665cd8e5225a0c9ee326
3.a1813d985ac93c52ee36120044bba0f3486a1318"
"preflight/src/main/java/org/apache/pdfbox/preflight/graphic/ICCProfileWrapper.java
preflight/src/main/java/org/apache/pdfbox/preflight/graphic/NoPatternColorSpaceHelper.java
preflight/src/main/java/org/apache/pdfbox/preflight/graphic/StandardColorSpaceHelper.java
preflight/src/main/java/org/apache/pdfbox/preflight/metadata/PDFAIdentificationValidation.java","1.5436ef8c80cf8c50c00be0fb750ddb1fc0c99e5f
2.8ef145c78640974fccbc665cd8e5225a0c9ee326
3.a1813d985ac93c52ee36120044bba0f3486a1318"
"preflight/src/main/java/org/apache/pdfbox/preflight/process/BookmarkValidationProcess.java
preflight/src/main/java/org/apache/pdfbox/preflight/process/CatalogValidationProcess.java
preflight/src/main/java/org/apache/pdfbox/preflight/process/EmptyValidationProcess.java
preflight/src/main/java/org/apache/pdfbox/preflight/process/FileSpecificationValidationProcess.java","1.5436ef8c80cf8c50c00be0fb750ddb1fc0c99e5f
2.8ef145c78640974fccbc665cd8e5225a0c9ee326
3.a1813d985ac93c52ee36120044bba0f3486a1318"
"preflight/src/main/java/org/apache/pdfbox/preflight/process/MetadataValidationProcess.java
preflight/src/main/java/org/apache/pdfbox/preflight/process/PageTreeValidationProcess.java
preflight/src/main/java/org/apache/pdfbox/preflight/process/StreamValidationProcess.java
preflight/src/main/java/org/apache/pdfbox/preflight/process/TrailerValidationProcess.java","1.5436ef8c80cf8c50c00be0fb750ddb1fc0c99e5f
2.8ef145c78640974fccbc665cd8e5225a0c9ee326
3.a1813d985ac93c52ee36120044bba0f3486a1318"
"preflight/src/main/java/org/apache/pdfbox/preflight/process/ValidationProcess.java
preflight/src/main/java/org/apache/pdfbox/preflight/process/XRefValidationProcess.java
preflight/src/main/java/org/apache/pdfbox/preflight/process/reflect/ActionsValidationProcess.java
preflight/src/main/java/org/apache/pdfbox/preflight/process/reflect/AnnotationValidationProcess.java","1.5436ef8c80cf8c50c00be0fb750ddb1fc0c99e5f
2.8ef145c78640974fccbc665cd8e5225a0c9ee326
3.a1813d985ac93c52ee36120044bba0f3486a1318"
"preflight/src/main/java/org/apache/pdfbox/preflight/utils/RenderingIntents.java
preflight/src/main/java/org/apache/pdfbox/preflight/xobject/AbstractXObjValidator.java
preflight/src/main/java/org/apache/pdfbox/preflight/xobject/XObjFormValidator.java
preflight/src/main/java/org/apache/pdfbox/preflight/xobject/XObjImageValidator.java","1.5436ef8c80cf8c50c00be0fb750ddb1fc0c99e5f
2.8ef145c78640974fccbc665cd8e5225a0c9ee326
3.a1813d985ac93c52ee36120044bba0f3486a1318"
"src/main/java/org/apache/pdfbox/util/operator/pagedrawer/ClosePath.java
src/main/java/org/apache/pdfbox/util/operator/pagedrawer/CurveTo.java
src/main/java/org/apache/pdfbox/util/operator/pagedrawer/CurveToReplicateFinalPoint.java
src/main/java/org/apache/pdfbox/util/operator/pagedrawer/CurveToReplicateInitialPoint.java","1.7f6b85b69f4425a64246e24564282dd3092b308e
2.b4a050c725048d8067ccf90c873dffbf00e4ced2
3.d43d5fc818900a0a58f54c7705c81f8397d6f757"
"src/main/java/org/apache/pdfbox/util/operator/pagedrawer/FillNonZeroRule.java
src/main/java/org/apache/pdfbox/util/operator/pagedrawer/Invoke.java
src/main/java/org/apache/pdfbox/util/operator/pagedrawer/LineTo.java
src/main/java/org/apache/pdfbox/util/operator/pagedrawer/MoveTo.java","1.7f6b85b69f4425a64246e24564282dd3092b308e
2.b4a050c725048d8067ccf90c873dffbf00e4ced2
3.d43d5fc818900a0a58f54c7705c81f8397d6f757"
"src/org/pdfbox/ConvertColorspace.java
src/org/pdfbox/Decrypt.java
src/org/pdfbox/Encrypt.java
src/org/pdfbox/ExportFDF.java","1.0043363995339865503811c70dd991b57c06b3cf
2.623a0af37723377676f57213cf74b1a909c23272
3.d18984f70b1197cbf53e2e3f6472018b26ced7b5"
"src/org/pdfbox/ExportXFDF.java
src/org/pdfbox/ExtractImages.java
src/org/pdfbox/ExtractText.java
src/org/pdfbox/ImportFDF.java","1.0043363995339865503811c70dd991b57c06b3cf
2.623a0af37723377676f57213cf74b1a909c23272
3.d18984f70b1197cbf53e2e3f6472018b26ced7b5"
"src/org/pdfbox/ImportXFDF.java
src/org/pdfbox/Overlay.java
src/org/pdfbox/PDFDebugger.java
src/org/pdfbox/PDFMerger.java","1.0043363995339865503811c70dd991b57c06b3cf
2.623a0af37723377676f57213cf74b1a909c23272
3.d18984f70b1197cbf53e2e3f6472018b26ced7b5"
"src/org/pdfbox/PDFReader.java
src/org/pdfbox/PDFSplit.java
src/org/pdfbox/PDFToImage.java
src/org/pdfbox/PrintPDF.java","1.0043363995339865503811c70dd991b57c06b3cf
2.623a0af37723377676f57213cf74b1a909c23272
3.d18984f70b1197cbf53e2e3f6472018b26ced7b5"
"src/org/pdfbox/cos/COSArray.java
src/org/pdfbox/cos/COSBase.java
src/org/pdfbox/cos/COSBoolean.java
src/org/pdfbox/cos/COSDictionary.java","1.0043363995339865503811c70dd991b57c06b3cf
2.623a0af37723377676f57213cf74b1a909c23272
3.d18984f70b1197cbf53e2e3f6472018b26ced7b5"
"src/org/pdfbox/cos/COSDocument.java
src/org/pdfbox/cos/COSFloat.java
src/org/pdfbox/cos/COSInteger.java
src/org/pdfbox/cos/COSName.java","1.0043363995339865503811c70dd991b57c06b3cf
2.623a0af37723377676f57213cf74b1a909c23272
3.d18984f70b1197cbf53e2e3f6472018b26ced7b5"
"src/org/pdfbox/cos/COSNull.java
src/org/pdfbox/cos/COSNumber.java
src/org/pdfbox/cos/COSObject.java
src/org/pdfbox/cos/COSStream.java","1.0043363995339865503811c70dd991b57c06b3cf
2.623a0af37723377676f57213cf74b1a909c23272
3.d18984f70b1197cbf53e2e3f6472018b26ced7b5"
"src/org/pdfbox/encoding/DictionaryEncoding.java
src/org/pdfbox/encoding/Encoding.java
src/org/pdfbox/encoding/EncodingManager.java
src/org/pdfbox/encoding/MacRomanEncoding.java","1.0043363995339865503811c70dd991b57c06b3cf
2.623a0af37723377676f57213cf74b1a909c23272
3.d18984f70b1197cbf53e2e3f6472018b26ced7b5"
"src/org/pdfbox/examples/pdmodel/AddMetadataFromDocInfo.java
src/org/pdfbox/examples/pdmodel/Annotation.java
src/org/pdfbox/examples/pdmodel/CreateBlankPDF.java
src/org/pdfbox/examples/pdmodel/CreateBookmarks.java","1.0043363995339865503811c70dd991b57c06b3cf
2.623a0af37723377676f57213cf74b1a909c23272
3.d18984f70b1197cbf53e2e3f6472018b26ced7b5"
"src/org/pdfbox/examples/pdmodel/EmbeddedFiles.java
src/org/pdfbox/examples/pdmodel/GoToSecondBookmarkOnOpen.java
src/org/pdfbox/examples/pdmodel/HelloWorld.java
src/org/pdfbox/examples/pdmodel/HelloWorldTTF.java","1.0043363995339865503811c70dd991b57c06b3cf
2.623a0af37723377676f57213cf74b1a909c23272
3.d18984f70b1197cbf53e2e3f6472018b26ced7b5"
"src/org/pdfbox/examples/pdmodel/HelloWorldType1AfmPfb.java
src/org/pdfbox/examples/pdmodel/ImageToPDF.java
src/org/pdfbox/examples/pdmodel/PrintBookmarks.java
src/org/pdfbox/examples/pdmodel/PrintDocumentMetaData.java","1.0043363995339865503811c70dd991b57c06b3cf
2.623a0af37723377676f57213cf74b1a909c23272
3.d18984f70b1197cbf53e2e3f6472018b26ced7b5"
"src/org/pdfbox/examples/pdmodel/PrintURLs.java
src/org/pdfbox/examples/pdmodel/RemoveFirstPage.java
src/org/pdfbox/examples/pdmodel/ReplaceString.java
src/org/pdfbox/examples/pdmodel/ReplaceURLs.java","1.0043363995339865503811c70dd991b57c06b3cf
2.623a0af37723377676f57213cf74b1a909c23272
3.d18984f70b1197cbf53e2e3f6472018b26ced7b5"
"src/org/pdfbox/examples/util/ExtractTextByArea.java
src/org/pdfbox/examples/util/PrintImageLocations.java
src/org/pdfbox/examples/util/PrintTextLocations.java
src/org/pdfbox/examples/util/RemoveAllText.java","1.0043363995339865503811c70dd991b57c06b3cf
2.623a0af37723377676f57213cf74b1a909c23272
3.d18984f70b1197cbf53e2e3f6472018b26ced7b5"
"src/org/pdfbox/filter/DCTFilter.java
src/org/pdfbox/filter/Filter.java
src/org/pdfbox/filter/FilterManager.java
src/org/pdfbox/filter/FlateFilter.java","1.0043363995339865503811c70dd991b57c06b3cf
2.623a0af37723377676f57213cf74b1a909c23272
3.d18984f70b1197cbf53e2e3f6472018b26ced7b5"
"src/org/pdfbox/filter/LZWDictionary.java
src/org/pdfbox/filter/LZWFilter.java
src/org/pdfbox/filter/LZWNode.java
src/org/pdfbox/filter/RunLengthDecodeFilter.java","1.0043363995339865503811c70dd991b57c06b3cf
2.623a0af37723377676f57213cf74b1a909c23272
3.d18984f70b1197cbf53e2e3f6472018b26ced7b5"
"src/org/pdfbox/io/FastByteArrayOutputStream.java
src/org/pdfbox/io/NBitInputStream.java
src/org/pdfbox/io/NBitOutputStream.java
src/org/pdfbox/io/PushBackInputStream.java","1.0043363995339865503811c70dd991b57c06b3cf
2.623a0af37723377676f57213cf74b1a909c23272
3.d18984f70b1197cbf53e2e3f6472018b26ced7b5"
"src/org/pdfbox/io/RandomAccess.java
src/org/pdfbox/io/RandomAccessBuffer.java
src/org/pdfbox/io/RandomAccessFile.java
src/org/pdfbox/io/RandomAccessFileInputStream.java","1.0043363995339865503811c70dd991b57c06b3cf
2.623a0af37723377676f57213cf74b1a909c23272
3.d18984f70b1197cbf53e2e3f6472018b26ced7b5"
"src/org/pdfbox/pdfparser/PDFObjectStreamParser.java
src/org/pdfbox/pdfparser/PDFParser.java
src/org/pdfbox/pdfparser/PDFStreamParser.java
src/org/pdfbox/pdfparser/PDFXref.java","1.0043363995339865503811c70dd991b57c06b3cf
2.623a0af37723377676f57213cf74b1a909c23272
3.d18984f70b1197cbf53e2e3f6472018b26ced7b5"
"src/org/pdfbox/pdfviewer/PDFTreeCellRenderer.java
src/org/pdfbox/pdfviewer/PDFTreeModel.java
src/org/pdfbox/pdfviewer/PageDrawer.java
src/org/pdfbox/pdfviewer/PageWrapper.java","1.0043363995339865503811c70dd991b57c06b3cf
2.623a0af37723377676f57213cf74b1a909c23272
3.d18984f70b1197cbf53e2e3f6472018b26ced7b5"
"src/org/pdfbox/pdmodel/PDDocument.java
src/org/pdfbox/pdmodel/PDDocumentCatalog.java
src/org/pdfbox/pdmodel/PDDocumentInformation.java
src/org/pdfbox/pdmodel/PDDocumentNameDictionary.java","1.0043363995339865503811c70dd991b57c06b3cf
2.623a0af37723377676f57213cf74b1a909c23272
3.d18984f70b1197cbf53e2e3f6472018b26ced7b5"
"src/org/pdfbox/pdmodel/PDEmbeddedFilesNameTreeNode.java
src/org/pdfbox/pdmodel/PDJavascriptNameTreeNode.java
src/org/pdfbox/pdmodel/PDPage.java
src/org/pdfbox/pdmodel/PDPageNode.java","1.0043363995339865503811c70dd991b57c06b3cf
2.623a0af37723377676f57213cf74b1a909c23272
3.d18984f70b1197cbf53e2e3f6472018b26ced7b5"
"src/org/pdfbox/pdmodel/PDResources.java
src/org/pdfbox/pdmodel/common/COSArrayList.java
src/org/pdfbox/pdmodel/common/COSDictionaryMap.java
src/org/pdfbox/pdmodel/common/COSObjectable.java","1.0043363995339865503811c70dd991b57c06b3cf
2.623a0af37723377676f57213cf74b1a909c23272
3.d18984f70b1197cbf53e2e3f6472018b26ced7b5"
"src/org/pdfbox/pdmodel/common/COSStreamArray.java
src/org/pdfbox/pdmodel/common/DualCOSObjectable.java
src/org/pdfbox/pdmodel/common/PDDestinationOrAction.java
src/org/pdfbox/pdmodel/common/PDMatrix.java","1.0043363995339865503811c70dd991b57c06b3cf
2.623a0af37723377676f57213cf74b1a909c23272
3.d18984f70b1197cbf53e2e3f6472018b26ced7b5"
"src/org/pdfbox/pdmodel/common/PDMemoryStream.java
src/org/pdfbox/pdmodel/common/PDMetadata.java
src/org/pdfbox/pdmodel/common/PDNameTreeNode.java
src/org/pdfbox/pdmodel/common/PDNamedTextStream.java","1.0043363995339865503811c70dd991b57c06b3cf
2.623a0af37723377676f57213cf74b1a909c23272
3.d18984f70b1197cbf53e2e3f6472018b26ced7b5"
"src/org/pdfbox/pdmodel/common/PDObjectStream.java
src/org/pdfbox/pdmodel/common/PDRange.java
src/org/pdfbox/pdmodel/common/PDRectangle.java
src/org/pdfbox/pdmodel/common/PDStream.java","1.0043363995339865503811c70dd991b57c06b3cf
2.623a0af37723377676f57213cf74b1a909c23272
3.d18984f70b1197cbf53e2e3f6472018b26ced7b5"
"src/org/pdfbox/pdmodel/common/PDTextStream.java
src/org/pdfbox/pdmodel/common/filespecification/PDComplexFileSpecification.java
src/org/pdfbox/pdmodel/common/filespecification/PDEmbeddedFile.java
src/org/pdfbox/pdmodel/common/filespecification/PDFileSpecification.java","1.0043363995339865503811c70dd991b57c06b3cf
2.623a0af37723377676f57213cf74b1a909c23272
3.d18984f70b1197cbf53e2e3f6472018b26ced7b5"
"src/org/pdfbox/pdmodel/common/function/PDFunctionType0.java
src/org/pdfbox/pdmodel/common/function/PDFunctionType2.java
src/org/pdfbox/pdmodel/common/function/PDFunctionType3.java
src/org/pdfbox/pdmodel/common/function/PDFunctionType4.java","1.0043363995339865503811c70dd991b57c06b3cf
2.623a0af37723377676f57213cf74b1a909c23272
3.d18984f70b1197cbf53e2e3f6472018b26ced7b5"
"src/org/pdfbox/pdmodel/encryption/BadSecurityHandlerException.java
src/org/pdfbox/pdmodel/encryption/DecryptionMaterial.java
src/org/pdfbox/pdmodel/encryption/PDEncryptionDictionary.java
src/org/pdfbox/pdmodel/encryption/PDEncryptionManager.java","1.0043363995339865503811c70dd991b57c06b3cf
2.623a0af37723377676f57213cf74b1a909c23272
3.d18984f70b1197cbf53e2e3f6472018b26ced7b5"
"src/org/pdfbox/pdmodel/encryption/PDStandardEncryption.java
src/org/pdfbox/pdmodel/encryption/ProtectionPolicy.java
src/org/pdfbox/pdmodel/encryption/PublicKeyDecryptionMaterial.java
src/org/pdfbox/pdmodel/encryption/PublicKeyProtectionPolicy.java","1.0043363995339865503811c70dd991b57c06b3cf
2.623a0af37723377676f57213cf74b1a909c23272
3.d18984f70b1197cbf53e2e3f6472018b26ced7b5"
"src/org/pdfbox/pdmodel/encryption/PublicKeyRecipient.java
src/org/pdfbox/pdmodel/encryption/PublicKeySecurityHandler.java
src/org/pdfbox/pdmodel/encryption/SecurityHandler.java
src/org/pdfbox/pdmodel/encryption/SecurityHandlersManager.java","1.0043363995339865503811c70dd991b57c06b3cf
2.623a0af37723377676f57213cf74b1a909c23272
3.d18984f70b1197cbf53e2e3f6472018b26ced7b5"
"src/org/pdfbox/pdmodel/fdf/FDFAnnotation.java
src/org/pdfbox/pdmodel/fdf/FDFAnnotationCaret.java
src/org/pdfbox/pdmodel/fdf/FDFAnnotationCircle.java
src/org/pdfbox/pdmodel/fdf/FDFAnnotationFileAttachment.java","1.0043363995339865503811c70dd991b57c06b3cf
2.623a0af37723377676f57213cf74b1a909c23272
3.d18984f70b1197cbf53e2e3f6472018b26ced7b5"
"src/org/pdfbox/pdmodel/fdf/FDFAnnotationFreeText.java
src/org/pdfbox/pdmodel/fdf/FDFAnnotationHighlight.java
src/org/pdfbox/pdmodel/fdf/FDFAnnotationInk.java
src/org/pdfbox/pdmodel/fdf/FDFAnnotationLine.java","1.0043363995339865503811c70dd991b57c06b3cf
2.623a0af37723377676f57213cf74b1a909c23272
3.d18984f70b1197cbf53e2e3f6472018b26ced7b5"
"src/org/pdfbox/pdmodel/fdf/FDFAnnotationPolygon.java
src/org/pdfbox/pdmodel/fdf/FDFAnnotationPolyline.java
src/org/pdfbox/pdmodel/fdf/FDFAnnotationSound.java
src/org/pdfbox/pdmodel/fdf/FDFAnnotationSquare.java","1.0043363995339865503811c70dd991b57c06b3cf
2.623a0af37723377676f57213cf74b1a909c23272
3.d18984f70b1197cbf53e2e3f6472018b26ced7b5"
"src/org/pdfbox/pdmodel/fdf/FDFAnnotationSquiggly.java
src/org/pdfbox/pdmodel/fdf/FDFAnnotationStamp.java
src/org/pdfbox/pdmodel/fdf/FDFAnnotationStrikeOut.java
src/org/pdfbox/pdmodel/fdf/FDFAnnotationText.java","1.0043363995339865503811c70dd991b57c06b3cf
2.623a0af37723377676f57213cf74b1a909c23272
3.d18984f70b1197cbf53e2e3f6472018b26ced7b5"
"src/org/pdfbox/pdmodel/fdf/FDFAnnotationUnderline.java
src/org/pdfbox/pdmodel/fdf/FDFCatalog.java
src/org/pdfbox/pdmodel/fdf/FDFDictionary.java
src/org/pdfbox/pdmodel/fdf/FDFDocument.java","1.0043363995339865503811c70dd991b57c06b3cf
2.623a0af37723377676f57213cf74b1a909c23272
3.d18984f70b1197cbf53e2e3f6472018b26ced7b5"
"src/org/pdfbox/pdmodel/fdf/FDFField.java
src/org/pdfbox/pdmodel/fdf/FDFIconFit.java
src/org/pdfbox/pdmodel/fdf/FDFJavaScript.java
src/org/pdfbox/pdmodel/fdf/FDFNamedPageReference.java","1.0043363995339865503811c70dd991b57c06b3cf
2.623a0af37723377676f57213cf74b1a909c23272
3.d18984f70b1197cbf53e2e3f6472018b26ced7b5"
"src/org/pdfbox/pdmodel/fdf/FDFOptionElement.java
src/org/pdfbox/pdmodel/fdf/FDFPage.java
src/org/pdfbox/pdmodel/fdf/FDFPageInfo.java
src/org/pdfbox/pdmodel/fdf/FDFTemplate.java","1.0043363995339865503811c70dd991b57c06b3cf
2.623a0af37723377676f57213cf74b1a909c23272
3.d18984f70b1197cbf53e2e3f6472018b26ced7b5"
"src/org/pdfbox/pdmodel/font/PDFont.java
src/org/pdfbox/pdmodel/font/PDFontDescriptor.java
src/org/pdfbox/pdmodel/font/PDFontDescriptorAFM.java
src/org/pdfbox/pdmodel/font/PDFontDescriptorDictionary.java","1.0043363995339865503811c70dd991b57c06b3cf
2.623a0af37723377676f57213cf74b1a909c23272
3.d18984f70b1197cbf53e2e3f6472018b26ced7b5"
"src/org/pdfbox/pdmodel/font/PDFontFactory.java
src/org/pdfbox/pdmodel/font/PDMMType1Font.java
src/org/pdfbox/pdmodel/font/PDSimpleFont.java
src/org/pdfbox/pdmodel/font/PDTrueTypeFont.java","1.0043363995339865503811c70dd991b57c06b3cf
2.623a0af37723377676f57213cf74b1a909c23272
3.d18984f70b1197cbf53e2e3f6472018b26ced7b5"
"src/org/pdfbox/pdmodel/font/PDType0Font.java
src/org/pdfbox/pdmodel/font/PDType1AfmPfbFont.java
src/org/pdfbox/pdmodel/font/PDType1Font.java
src/org/pdfbox/pdmodel/font/PDType3Font.java","1.0043363995339865503811c70dd991b57c06b3cf
2.623a0af37723377676f57213cf74b1a909c23272
3.d18984f70b1197cbf53e2e3f6472018b26ced7b5"
"src/org/pdfbox/pdmodel/graphics/PDGraphicsState.java
src/org/pdfbox/pdmodel/graphics/PDLineDashPattern.java
src/org/pdfbox/pdmodel/graphics/color/PDCalGray.java
src/org/pdfbox/pdmodel/graphics/color/PDCalRGB.java","1.0043363995339865503811c70dd991b57c06b3cf
2.623a0af37723377676f57213cf74b1a909c23272
3.d18984f70b1197cbf53e2e3f6472018b26ced7b5"
"src/org/pdfbox/pdmodel/graphics/color/PDColorSpace.java
src/org/pdfbox/pdmodel/graphics/color/PDColorSpaceFactory.java
src/org/pdfbox/pdmodel/graphics/color/PDColorSpaceInstance.java
src/org/pdfbox/pdmodel/graphics/color/PDDeviceCMYK.java","1.0043363995339865503811c70dd991b57c06b3cf
2.623a0af37723377676f57213cf74b1a909c23272
3.d18984f70b1197cbf53e2e3f6472018b26ced7b5"
"src/org/pdfbox/pdmodel/graphics/color/PDDeviceGray.java
src/org/pdfbox/pdmodel/graphics/color/PDDeviceN.java
src/org/pdfbox/pdmodel/graphics/color/PDDeviceNAttributes.java
src/org/pdfbox/pdmodel/graphics/color/PDDeviceRGB.java","1.0043363995339865503811c70dd991b57c06b3cf
2.623a0af37723377676f57213cf74b1a909c23272
3.d18984f70b1197cbf53e2e3f6472018b26ced7b5"
"src/org/pdfbox/pdmodel/graphics/color/PDGamma.java
src/org/pdfbox/pdmodel/graphics/color/PDICCBased.java
src/org/pdfbox/pdmodel/graphics/color/PDIndexed.java
src/org/pdfbox/pdmodel/graphics/color/PDLab.java","1.0043363995339865503811c70dd991b57c06b3cf
2.623a0af37723377676f57213cf74b1a909c23272
3.d18984f70b1197cbf53e2e3f6472018b26ced7b5"
"src/org/pdfbox/pdmodel/graphics/predictor/Paeth.java
src/org/pdfbox/pdmodel/graphics/predictor/PredictorAlgorithm.java
src/org/pdfbox/pdmodel/graphics/predictor/Sub.java
src/org/pdfbox/pdmodel/graphics/predictor/Up.java","1.0043363995339865503811c70dd991b57c06b3cf
2.623a0af37723377676f57213cf74b1a909c23272
3.d18984f70b1197cbf53e2e3f6472018b26ced7b5"
"src/org/pdfbox/pdmodel/graphics/xobject/PDPixelMap.java
src/org/pdfbox/pdmodel/graphics/xobject/PDXObject.java
src/org/pdfbox/pdmodel/graphics/xobject/PDXObjectForm.java
src/org/pdfbox/pdmodel/graphics/xobject/PDXObjectImage.java","1.0043363995339865503811c70dd991b57c06b3cf
2.623a0af37723377676f57213cf74b1a909c23272
3.d18984f70b1197cbf53e2e3f6472018b26ced7b5"
"src/org/pdfbox/pdmodel/interactive/action/type/PDAction.java
src/org/pdfbox/pdmodel/interactive/action/type/PDActionGoTo.java
src/org/pdfbox/pdmodel/interactive/action/type/PDActionJavaScript.java
src/org/pdfbox/pdmodel/interactive/action/type/PDActionLaunch.java","1.0043363995339865503811c70dd991b57c06b3cf
2.623a0af37723377676f57213cf74b1a909c23272
3.d18984f70b1197cbf53e2e3f6472018b26ced7b5"
"src/org/pdfbox/pdmodel/interactive/annotation/PDAnnotation.java
src/org/pdfbox/pdmodel/interactive/annotation/PDAnnotationFileAttachment.java
src/org/pdfbox/pdmodel/interactive/annotation/PDAnnotationLine.java
src/org/pdfbox/pdmodel/interactive/annotation/PDAnnotationLink.java","1.0043363995339865503811c70dd991b57c06b3cf
2.623a0af37723377676f57213cf74b1a909c23272
3.d18984f70b1197cbf53e2e3f6472018b26ced7b5"
"src/org/pdfbox/pdmodel/interactive/annotation/PDAnnotationMarkup.java
src/org/pdfbox/pdmodel/interactive/annotation/PDAnnotationPopup.java
src/org/pdfbox/pdmodel/interactive/annotation/PDAnnotationRubberStamp.java
src/org/pdfbox/pdmodel/interactive/annotation/PDAnnotationSquareCircle.java","1.0043363995339865503811c70dd991b57c06b3cf
2.623a0af37723377676f57213cf74b1a909c23272
3.d18984f70b1197cbf53e2e3f6472018b26ced7b5"
"src/org/pdfbox/pdmodel/interactive/annotation/PDAnnotationText.java
src/org/pdfbox/pdmodel/interactive/annotation/PDAnnotationTextMarkup.java
src/org/pdfbox/pdmodel/interactive/annotation/PDAnnotationUnknown.java
src/org/pdfbox/pdmodel/interactive/annotation/PDAnnotationWidget.java","1.0043363995339865503811c70dd991b57c06b3cf
2.623a0af37723377676f57213cf74b1a909c23272
3.d18984f70b1197cbf53e2e3f6472018b26ced7b5"
"src/org/pdfbox/pdmodel/interactive/annotation/PDAppearanceDictionary.java
src/org/pdfbox/pdmodel/interactive/annotation/PDAppearanceStream.java
src/org/pdfbox/pdmodel/interactive/annotation/PDBorderEffectDictionary.java
src/org/pdfbox/pdmodel/interactive/annotation/PDBorderStyleDictionary.java","1.0043363995339865503811c70dd991b57c06b3cf
2.623a0af37723377676f57213cf74b1a909c23272
3.d18984f70b1197cbf53e2e3f6472018b26ced7b5"
"src/org/pdfbox/pdmodel/interactive/documentnavigation/destination/PDNamedDestination.java
src/org/pdfbox/pdmodel/interactive/documentnavigation/destination/PDPageDestination.java
src/org/pdfbox/pdmodel/interactive/documentnavigation/destination/PDPageFitDestination.java
src/org/pdfbox/pdmodel/interactive/documentnavigation/destination/PDPageFitHeightDestination.java","1.0043363995339865503811c70dd991b57c06b3cf
2.623a0af37723377676f57213cf74b1a909c23272
3.d18984f70b1197cbf53e2e3f6472018b26ced7b5"
"src/org/pdfbox/pdmodel/interactive/form/PDChoiceButton.java
src/org/pdfbox/pdmodel/interactive/form/PDChoiceField.java
src/org/pdfbox/pdmodel/interactive/form/PDField.java
src/org/pdfbox/pdmodel/interactive/form/PDFieldFactory.java","1.0043363995339865503811c70dd991b57c06b3cf
2.623a0af37723377676f57213cf74b1a909c23272
3.d18984f70b1197cbf53e2e3f6472018b26ced7b5"
"src/org/pdfbox/pdmodel/interactive/form/PDPushButton.java
src/org/pdfbox/pdmodel/interactive/form/PDRadioCollection.java
src/org/pdfbox/pdmodel/interactive/form/PDSignature.java
src/org/pdfbox/pdmodel/interactive/form/PDTextbox.java","1.0043363995339865503811c70dd991b57c06b3cf
2.623a0af37723377676f57213cf74b1a909c23272
3.d18984f70b1197cbf53e2e3f6472018b26ced7b5"
"src/org/pdfbox/util/DateConverter.java
src/org/pdfbox/util/ErrorLogger.java
src/org/pdfbox/util/ExtensionFileFilter.java
src/org/pdfbox/util/ImageParameters.java","1.0043363995339865503811c70dd991b57c06b3cf
2.623a0af37723377676f57213cf74b1a909c23272
3.d18984f70b1197cbf53e2e3f6472018b26ced7b5"
"src/org/pdfbox/util/MapUtil.java
src/org/pdfbox/util/Matrix.java
src/org/pdfbox/util/PDFHighlighter.java
src/org/pdfbox/util/PDFImageWriter.java","1.0043363995339865503811c70dd991b57c06b3cf
2.623a0af37723377676f57213cf74b1a909c23272
3.d18984f70b1197cbf53e2e3f6472018b26ced7b5"
"src/org/pdfbox/util/PDFMergerUtility.java
src/org/pdfbox/util/PDFOperator.java
src/org/pdfbox/util/PDFStreamEngine.java
src/org/pdfbox/util/PDFText2HTML.java","1.0043363995339865503811c70dd991b57c06b3cf
2.623a0af37723377676f57213cf74b1a909c23272
3.d18984f70b1197cbf53e2e3f6472018b26ced7b5"
"src/org/pdfbox/util/PDFTextStripper.java
src/org/pdfbox/util/PDFTextStripperByArea.java
src/org/pdfbox/util/ResourceLoader.java
src/org/pdfbox/util/Splitter.java","1.0043363995339865503811c70dd991b57c06b3cf
2.623a0af37723377676f57213cf74b1a909c23272
3.d18984f70b1197cbf53e2e3f6472018b26ced7b5"
"src/org/pdfbox/util/TextPosition.java
src/org/pdfbox/util/TextPositionComparator.java
src/org/pdfbox/util/XMLUtil.java
src/org/pdfbox/util/operator/BeginText.java","1.0043363995339865503811c70dd991b57c06b3cf
2.623a0af37723377676f57213cf74b1a909c23272
3.d18984f70b1197cbf53e2e3f6472018b26ced7b5"
"src/org/pdfbox/util/operator/CloseAndStrokePath.java
src/org/pdfbox/util/operator/Concatenate.java
src/org/pdfbox/util/operator/EndText.java
src/org/pdfbox/util/operator/GRestore.java","1.0043363995339865503811c70dd991b57c06b3cf
2.623a0af37723377676f57213cf74b1a909c23272
3.d18984f70b1197cbf53e2e3f6472018b26ced7b5"
"src/org/pdfbox/util/operator/GSave.java
src/org/pdfbox/util/operator/Invoke.java
src/org/pdfbox/util/operator/MoveAndShow.java
src/org/pdfbox/util/operator/MoveText.java","1.0043363995339865503811c70dd991b57c06b3cf
2.623a0af37723377676f57213cf74b1a909c23272
3.d18984f70b1197cbf53e2e3f6472018b26ced7b5"
"src/org/pdfbox/util/operator/MoveTextSetLeading.java
src/org/pdfbox/util/operator/NextLine.java
src/org/pdfbox/util/operator/OperatorProcessor.java
src/org/pdfbox/util/operator/SetCharSpacing.java","1.0043363995339865503811c70dd991b57c06b3cf
2.623a0af37723377676f57213cf74b1a909c23272
3.d18984f70b1197cbf53e2e3f6472018b26ced7b5"
"src/org/pdfbox/util/operator/SetGraphicsStateParameters.java
src/org/pdfbox/util/operator/SetHorizontalTextScaling.java
src/org/pdfbox/util/operator/SetLineDashPattern.java
src/org/pdfbox/util/operator/SetLineWidth.java","1.0043363995339865503811c70dd991b57c06b3cf
2.623a0af37723377676f57213cf74b1a909c23272
3.d18984f70b1197cbf53e2e3f6472018b26ced7b5"
"src/org/pdfbox/util/operator/SetMatrix.java
src/org/pdfbox/util/operator/SetMoveAndShow.java
src/org/pdfbox/util/operator/SetNonStrokingCMYKColor.java
src/org/pdfbox/util/operator/SetNonStrokingColorSpace.java","1.0043363995339865503811c70dd991b57c06b3cf
2.623a0af37723377676f57213cf74b1a909c23272
3.d18984f70b1197cbf53e2e3f6472018b26ced7b5"
"src/org/pdfbox/util/operator/SetStrokingGrayColor.java
src/org/pdfbox/util/operator/SetStrokingRGBColor.java
src/org/pdfbox/util/operator/SetTextFont.java
src/org/pdfbox/util/operator/SetTextLeading.java","1.0043363995339865503811c70dd991b57c06b3cf
2.623a0af37723377676f57213cf74b1a909c23272
3.d18984f70b1197cbf53e2e3f6472018b26ced7b5"
"src/org/pdfbox/util/operator/SetTextRenderingMode.java
src/org/pdfbox/util/operator/SetTextRise.java
src/org/pdfbox/util/operator/SetWordSpacing.java
src/org/pdfbox/util/operator/ShowText.java","1.0043363995339865503811c70dd991b57c06b3cf
2.623a0af37723377676f57213cf74b1a909c23272
3.d18984f70b1197cbf53e2e3f6472018b26ced7b5"
"src/org/pdfbox/util/operator/pagedrawer/CloseFillNonZeroAndStrokePath.java
src/org/pdfbox/util/operator/pagedrawer/ClosePath.java
src/org/pdfbox/util/operator/pagedrawer/CurveTo.java
src/org/pdfbox/util/operator/pagedrawer/CurveToReplicateFinalPoint.java","1.0043363995339865503811c70dd991b57c06b3cf
2.623a0af37723377676f57213cf74b1a909c23272
3.d18984f70b1197cbf53e2e3f6472018b26ced7b5"
"src/org/pdfbox/util/operator/pagedrawer/CurveToReplicateInitialPoint.java
src/org/pdfbox/util/operator/pagedrawer/EndPath.java
src/org/pdfbox/util/operator/pagedrawer/FillEvenOddRule.java
src/org/pdfbox/util/operator/pagedrawer/FillNonZeroAndStrokePath.java","1.0043363995339865503811c70dd991b57c06b3cf
2.623a0af37723377676f57213cf74b1a909c23272
3.d18984f70b1197cbf53e2e3f6472018b26ced7b5"
"test/input/rendering/errorColorspace.pdf-10.png
test/input/rendering/errorColorspace.pdf-2.png
test/input/rendering/errorColorspace.pdf-3.png
test/input/rendering/errorColorspace.pdf-4.png","1.5a5669ee6756cb7597de06b6b09b92b499446ebe
2.d92c24759da6f722a2cccd57032c110a7a7ba2d6
3.f2e6dd34e1a0932002650999b6e58182c7c931dd"
"test/input/rendering/errorColorspace.pdf-5.png
test/input/rendering/errorColorspace.pdf-6.png
test/input/rendering/errorColorspace.pdf-7.png
test/input/rendering/errorColorspace.pdf-8.png","1.5a5669ee6756cb7597de06b6b09b92b499446ebe
2.d92c24759da6f722a2cccd57032c110a7a7ba2d6
3.f2e6dd34e1a0932002650999b6e58182c7c931dd"
"website/src/documentation/content/xdocs/commandlineutilities/ExtractText.xml
website/src/documentation/content/xdocs/commandlineutilities/PDFToImage.xml
website/src/documentation/content/xdocs/commandlineutilities/PrintPDF.xml
website/src/documentation/content/xdocs/commandlineutilities/TextToPDF.xml","1.0043363995339865503811c70dd991b57c06b3cf
2.5392a1d4ea19beb4aecd0d8d385102d1b408cd44
3.d18984f70b1197cbf53e2e3f6472018b26ced7b5"
"website/src/documentation/content/xdocs/references.xml
website/src/documentation/content/xdocs/site.xml
website/src/documentation/content/xdocs/tabs.xml
website/src/documentation/content/xdocs/userguide/bookmarks.xml","1.0043363995339865503811c70dd991b57c06b3cf
2.5392a1d4ea19beb4aecd0d8d385102d1b408cd44
3.d18984f70b1197cbf53e2e3f6472018b26ced7b5"
"website/src/documentation/content/xdocs/userguide/building_pdfbox.xml
website/src/documentation/content/xdocs/userguide/dot_net.xml
website/src/documentation/content/xdocs/userguide/faq.xml
website/src/documentation/content/xdocs/userguide/file_references.xml","1.0043363995339865503811c70dd991b57c06b3cf
2.5392a1d4ea19beb4aecd0d8d385102d1b408cd44
3.d18984f70b1197cbf53e2e3f6472018b26ced7b5"
"website/src/documentation/content/xdocs/userguide/fonts.xml
website/src/documentation/content/xdocs/userguide/highlighting.xml
website/src/documentation/content/xdocs/userguide/index.xml
website/src/documentation/content/xdocs/userguide/metadata.xml","1.0043363995339865503811c70dd991b57c06b3cf
2.5392a1d4ea19beb4aecd0d8d385102d1b408cd44
3.d18984f70b1197cbf53e2e3f6472018b26ced7b5"
"website/src/documentation/content/xdocs/userguide/redistribution.xml
website/src/documentation/content/xdocs/userguide/text_extraction.xml
website/src/documentation/skinconf.xml
website/src/documentation/translations/langcode.xml","1.0043363995339865503811c70dd991b57c06b3cf
2.5392a1d4ea19beb4aecd0d8d385102d1b408cd44
3.d18984f70b1197cbf53e2e3f6472018b26ced7b5"
"xmpbox/src/main/java/org/apache/padaf/xmpbox/schema/PDFAExtensionSchema.java
xmpbox/src/main/java/org/apache/padaf/xmpbox/schema/PDFAFieldDescription.java
xmpbox/src/main/java/org/apache/padaf/xmpbox/schema/PDFAIdentificationSchema.java
xmpbox/src/main/java/org/apache/padaf/xmpbox/schema/PDFAPropertyDescription.java","1.2c33be84c347669991eafc0dc4ae2a816efe58f3
2.711c4f2339022e6788a7ac86df5cd7c54d1fcdab
3.b46f2a70aa22a4001a42cd08a7a918c07d406406"
"xmpbox/src/main/java/org/apache/padaf/xmpbox/type/RealType.java
xmpbox/src/main/java/org/apache/padaf/xmpbox/type/RenditionClassType.java
xmpbox/src/main/java/org/apache/padaf/xmpbox/type/ResourceEventType.java
xmpbox/src/main/java/org/apache/padaf/xmpbox/type/ResourceRefType.java","1.2a891ae3e5027e601d6ab84376581b0f22153401
2.2c33be84c347669991eafc0dc4ae2a816efe58f3
3.b46f2a70aa22a4001a42cd08a7a918c07d406406"
"xmpbox/src/test/java/org/apache/padaf/xmpbox/type/TestAbstractStructuredType.java
xmpbox/src/test/java/org/apache/padaf/xmpbox/type/TestDerivedType.java
xmpbox/src/test/java/org/apache/padaf/xmpbox/type/TestJobType.java
xmpbox/src/test/java/org/apache/padaf/xmpbox/type/TestLayerType.java","1.2a891ae3e5027e601d6ab84376581b0f22153401
2.58a6872e296635d44b9ecddae85c50984c3a794e
3.b46f2a70aa22a4001a42cd08a7a918c07d406406"
"xmpbox/src/test/java/org/apache/padaf/xmpbox/type/TestResourceEventType.java
xmpbox/src/test/java/org/apache/padaf/xmpbox/type/TestResourceRefType.java
xmpbox/src/test/java/org/apache/padaf/xmpbox/type/TestSimpleMetadataProperties.java
xmpbox/src/test/java/org/apache/padaf/xmpbox/type/TestThumbnailType.java","1.2a891ae3e5027e601d6ab84376581b0f22153401
2.58a6872e296635d44b9ecddae85c50984c3a794e
3.b46f2a70aa22a4001a42cd08a7a918c07d406406"
"xmpbox/src/test/java/org/apache/xmpbox/schema/BasicJobTicketSchemaTest.java
xmpbox/src/test/java/org/apache/xmpbox/schema/DublinCoreTest.java
xmpbox/src/test/java/org/apache/xmpbox/schema/PDFAIdentificationOthersTest.java
xmpbox/src/test/java/org/apache/xmpbox/schema/PDFAIdentificationTest.java","1.0063210109f21b0c723d44c663b401f74e20ef1c
2.83fa9fb619c45f12d99b4918dd0ffb954da359c5
3.d76d9cf7ccfa76aaa4aeb36882ce2301acc8a255"
"xmpbox/src/test/java/org/apache/xmpbox/type/TestDerivedType.java
xmpbox/src/test/java/org/apache/xmpbox/type/TestJobType.java
xmpbox/src/test/java/org/apache/xmpbox/type/TestLayerType.java
xmpbox/src/test/java/org/apache/xmpbox/type/TestResourceEventType.java","1.0063210109f21b0c723d44c663b401f74e20ef1c
2.b8c967086c2ac52f083d1f7ea1b8a2754d4b3e40
3.d76d9cf7ccfa76aaa4aeb36882ce2301acc8a255"
